{"cameraMode":{"drawMode":0,"name":"Shaded","section":"Shading Mode"},"sceneLighting":true,"audioPlay":false,"sceneViewState":{"m_AlwaysRefresh":false,"showFog":true,"showSkybox":true,"showFlares":true,"showImageEffects":true,"showParticleSystems":true,"showVisualEffectGraphs":true,"m_FxEnabled":true},"in2DMode":false,"pivot":{"x":-14.84218978881836,"y":-3.0696072578430177,"z":0.7007278203964233},"rotation":{"x":0.30701789259910586,"y":-0.17184612154960633,"z":0.056277111172676089,"w":0.9344472289085388},"size":1.0039334297180176,"orthographic":false}