{"cameraMode":{"drawMode":0,"name":"Shaded","section":"Shading Mode"},"sceneLighting":true,"audioPlay":false,"sceneViewState":{"m_AlwaysRefresh":false,"showFog":true,"showSkybox":true,"showFlares":true,"showImageEffects":true,"showParticleSystems":true,"showVisualEffectGraphs":true,"m_FxEnabled":true},"in2DMode":false,"pivot":{"x":-11.218153953552246,"y":-3.1553497314453127,"z":7.28101110458374},"rotation":{"x":-0.050509680062532428,"y":0.9458335041999817,"z":-0.26516976952552798,"w":-0.18066465854644776},"size":1.6464799642562867,"orthographic":false}